Group, File, Frames, FPS, Release Date
SEXMOVES, 2FSUCK1.BVH, 416, 20, 4/7/2013
SEXMOVES, 2FSUCK2.BVH, 416, 20, 4/7/2013
SEXMOVES, 3DEF1.BVH, 30, 5, 4/7/2013
SEXMOVES, 3DEF2.BVH, 30, 9, 4/7/2013
SEXMOVES, 3DEF3.BVH, 30, 6, 4/7/2013
SEXMOVES, 69PLUSM3.BVH, 40, 20, 4/7/2013
SEXMOVES, ACROBATF.BVH, 401, 30, 4/7/2013
SEXMOVES, ACROBATM.BVH, 401, 30, 4/7/2013
SEXMOVES, AMAZONF.BVH, 401, 30, 4/7/2013
SEXMOVES, AMAZONM.BVH, 401, 30, 4/7/2013
SEXMOVES, AMAZONREVF.BVH, 401, 30, 4/7/2013
SEXMOVES, AMAZONREVM.BVH, 401, 30, 1/12/2015
SEXMOVES, ANALOGICM1.BVH, 401, 30, 4/7/2013
SEXMOVES, ANALOGICM2.BVH, 401, 30, 4/7/2013
SEXMOVES, ANALPF.BVH, 401, 30, 4/7/2013
SEXMOVES, ANALPM.BVH, 401, 30, 4/7/2013
SEXMOVES, ANALPUMPF.BVH, 401, 45, 4/7/2013
SEXMOVES, ANALPUMPM.BVH, 401, 45, 4/7/2013
SEXMOVES, ARCHF.BVH, 401, 30, 4/7/2013
SEXMOVES, ARCHM.BVH, 401, 30, 4/7/2013
SEXMOVES, AROUSEM1.BVH, 30, 10, 4/7/2013
SEXMOVES, AROUSEM2.BVH, 30, 20, 4/7/2013
SEXMOVES, ASIANF.BVH, 401, 30, 4/7/2013
SEXMOVES, ASIANM.BVH, 401, 30, 4/7/2013
SEXMOVES, ASIANREVF.BVH, 401, 20, 4/7/2013
SEXMOVES, ASIANREVM.BVH, 401, 20, 4/7/2013
SEXMOVES, ASSBALLF.BVH, 90, 20, 4/7/2013
SEXMOVES, ASSBALLM.BVH, 90, 20, 4/7/2013
SEXMOVES, ASSCHEAKSF.BVH, 301, 25, 4/7/2013
SEXMOVES, ASSCHEAKSM.BVH, 301, 30, 4/7/2013
SEXMOVES, ATTENF.BVH, 90, 20, 4/7/2013
SEXMOVES, ATTENM.BVH, 90, 20, 4/7/2013
SEXMOVES, BALLERINAF.BVH, 401, 20, 4/7/2013
SEXMOVES, BALLERINAM.BVH, 401, 20, 4/7/2013
SEXMOVES, BANANAF.BVH, 150, 30, 4/7/2013
SEXMOVES, BANANAGAY.BVH, 90, 30, 4/7/2013
SEXMOVES, BEHINDKISSF.BVH, 301, 30, 4/7/2013
SEXMOVES, BEHINDKISSM.BVH, 301, 30, 4/7/2013
SEXMOVES, BENF.BVH, 401, 30, 4/7/2013
SEXMOVES, BENM.BVH, 401, 30, 4/7/2013
SEXMOVES, BODYGUARDF.BVH, 401, 30, 4/7/2013
SEXMOVES, BODYGUARDM.BVH, 401, 30, 4/7/2013
SEXMOVES, BODYPUMPF.BVH, 401, 40, 4/7/2013
SEXMOVES, BODYPUMPM.BVH, 401, 40, 4/7/2013
SEXMOVES, BOTTLETS.BVH, 150, 30, 4/7/2013
SEXMOVES, BOUNTYF.BVH, 401, 30, 4/7/2013
SEXMOVES, BOUNTYM.BVH, 401, 30, 4/7/2013
SEXMOVES, BRIDGEF.BVH, 401, 25, 4/7/2013
SEXMOVES, BRIDGEM.BVH, 401, 25, 4/7/2013
SEXMOVES, BULLDOGF.BVH, 401, 30, 4/7/2013
SEXMOVES, BULLDOGF3.BVH, 401, 30, 4/7/2013
SEXMOVES, BULLDOGM.BVH, 401, 30, 4/7/2013
SEXMOVES, BUTTERF.BVH, 601, 20, 4/7/2013
SEXMOVES, BUTTERM.BVH, 601, 20, 4/7/2013
SEXMOVES, BUTTPUSHM1.BVH, 90, 20, 4/7/2013
SEXMOVES, BUTTPUSHM2.BVH, 90, 20, 4/7/2013
SEXMOVES, BUTTSTROKEM1.BVH, 401, 30, 4/7/2013
SEXMOVES, BUTTSTROKEM2.BVH, 401, 30, 4/7/2013
SEXMOVES, CAGEDBF.BVH, 90, 20, 4/7/2013
SEXMOVES, CARRYF.BVH, 401, 30, 4/7/2013
SEXMOVES, CARRYM.BVH, 401, 30, 4/7/2013
SEXMOVES, CARRYPUMPF.BVH, 401, 45, 4/7/2013
SEXMOVES, CARRYPUMPM.BVH, 401, 45, 4/7/2013
SEXMOVES, CHILLF.BVH, 301, 30, 4/7/2013
SEXMOVES, CHILLM.BVH, 301, 20, 4/7/2013
SEXMOVES, CIGARRETF.BVH, 244, 15, 4/7/2013
SEXMOVES, CIGARRETM.BVH, 301, 30, 4/7/2013
SEXMOVES, CLASSICF.BVH, 401, 15, 4/7/2013
SEXMOVES, CLASSICM.BVH, 401, 15, 4/7/2013
SEXMOVES, CLEANF.BVH, 401, 20, 4/7/2013
SEXMOVES, CLEANM.BVH, 200, 30, 4/7/2013
SEXMOVES, COMMITMENTF.BVH, 401, 14, 4/7/2013
SEXMOVES, COMMITMENTM.BVH, 401, 15, 4/7/2013
SEXMOVES, COWGIRLF.BVH, 601, 20, 4/7/2013
SEXMOVES, COWGIRLM.BVH, 601, 20, 4/7/2013
SEXMOVES, CP11F.BVH, 2, 30, 4/7/2013
SEXMOVES, CREAMMTB.BVH, 401, 30, 4/7/2013
SEXMOVES, CROSSF.BVH, 401, 20, 4/7/2013
SEXMOVES, CROSSKISSF.BVH, 301, 30, 4/7/2013
SEXMOVES, CROSSKISSM.BVH, 301, 30, 4/7/2013
SEXMOVES, CROSSM.BVH, 401, 20, 4/7/2013
SEXMOVES, CYBERSEX.BVH, 30, 30, 4/7/2013
SEXMOVES, DDILDOM1.BVH, 30, 20, 4/7/2013
SEXMOVES, DDILDOM2.BVH, 401, 30, 4/7/2013
SEXMOVES, DEEPLOOKF.BVH, 401, 30, 4/7/2013
SEXMOVES, DEEPLOOKM.BVH, 401, 30, 4/7/2013
SEXMOVES, DEF.BVH, 60, 14, 4/7/2013
SEXMOVES, DEFCUD_F.BVH, 2, 30, 4/7/2013
SEXMOVES, DEFCUD_M.BVH, 2, 30, 4/7/2013
SEXMOVES, DELIVERANCEM1.BVH, 401, 30, 4/7/2013
SEXMOVES, DELIVERANCEM2.BVH, 401, 30, 4/7/2013
SEXMOVES, DEM.BVH, 60, 14, 4/7/2013
SEXMOVES, DILDOGAY.BVH, 30, 30, 4/7/2013
SEXMOVES, DOGGYF.BVH, 401, 30, 4/7/2013
SEXMOVES, DOGGYM.BVH, 401, 30, 4/7/2013
SEXMOVES, DOGGYPUMPF.BVH, 401, 45, 4/7/2013
SEXMOVES, DOGGYPUMPM.BVH, 401, 45, 4/7/2013
SEXMOVES, DOM.BVH, 90, 10, 4/7/2013
SEXMOVES, DOUBLEACTF1.BVH, 401, 30, 4/7/2013
SEXMOVES, DOUBLEACTF2.BVH, 401, 30, 4/7/2013
SEXMOVES, DOUBLEFEETF.BVH, 120, 13, 4/7/2013
SEXMOVES, DOUBLEFEETM.BVH, 120, 13, 4/7/2013
SEXMOVES, DRILLF.BVH, 401, 30, 4/7/2013
SEXMOVES, DRILLM.BVH, 401, 30, 4/7/2013
SEXMOVES, EARF.BVH, 90, 20, 4/7/2013
SEXMOVES, EARM.BVH, 30, 20, 4/7/2013
SEXMOVES, EXPOSUREF.BVH, 401, 30, 4/7/2013
SEXMOVES, EXPOSUREM.BVH, 401, 30, 4/7/2013
SEXMOVES, EXTASYM1.BVH, 40, 30, 4/7/2013
SEXMOVES, EXTASYM2.BVH, 120, 30, 4/7/2013
SEXMOVES, FEELHERF.BVH, 301, 30, 4/7/2013
SEXMOVES, FEELHERF3.BVH, 301, 30, 4/7/2013
SEXMOVES, FEELHERM.BVH, 301, 30, 4/7/2013
SEXMOVES, FEELHIMF.BVH, 301, 60, 4/7/2013
SEXMOVES, FEELHIMM.BVH, 301, 20, 4/7/2013
SEXMOVES, FEMALEMASTURBATION.BVH, 438, 30, 4/7/2013
SEXMOVES, FINGEROWNM1.BVH, 90, 20, 4/7/2013
SEXMOVES, FINGEROWNM2.BVH, 30, 20, 4/7/2013
SEXMOVES, FINGERSPANKF.BVH, 301, 45, 4/7/2013
SEXMOVES, FINGERSPANKM.BVH, 301, 30, 4/7/2013
SEXMOVES, FLAGF.BVH, 240, 20, 4/7/2013
SEXMOVES, FLAGM.BVH, 40, 20, 4/7/2013
SEXMOVES, FORBIDDENF.BVH, 40, 20, 4/7/2013
SEXMOVES, FORBIDDENM.BVH, 40, 20, 4/7/2013
SEXMOVES, FROGF.BVH, 401, 30, 4/7/2013
SEXMOVES, FROGM.BVH, 401, 30, 4/7/2013
SEXMOVES, FUCKFACEF.BVH, 90, 20, 4/7/2013
SEXMOVES, FUCKFACEM.BVH, 90, 20, 4/7/2013
SEXMOVES, GAMEONF.BVH, 401, 20, 4/7/2013
SEXMOVES, GAMEONM.BVH, 90, 20, 4/7/2013
SEXMOVES, GIRLMASTURBATE.BVH, 401, 30, 4/7/2013
SEXMOVES, GIRLPUMPF.BVH, 401, 45, 4/7/2013
SEXMOVES, GIRLPUMPM.BVH, 401, 45, 4/7/2013
SEXMOVES, HAMMERM1.BVH, 30, 17, 4/7/2013
SEXMOVES, HAMMERM2.BVH, 30, 17, 4/7/2013
SEXMOVES, HAMMERM3.BVH, 30, 16, 4/7/2013
SEXMOVES, HARDBUMPM1.BVH, 401, 45, 4/7/2013
SEXMOVES, HARDBUMPM2.BVH, 401, 45, 4/7/2013
SEXMOVES, HARDCOWM1.BVH, 601, 40, 4/7/2013
SEXMOVES, HARDCOWM2.BVH, 601, 40, 4/7/2013
SEXMOVES, HARDCROSSM1.BVH, 401, 45, 4/7/2013
SEXMOVES, HARDCROSSM2.BVH, 401, 45, 4/7/2013
SEXMOVES, HARDJOCKEYM1.BVH, 401, 45, 4/7/2013
SEXMOVES, HARDJOCKEYM2.BVH, 401, 45, 4/7/2013
SEXMOVES, HARDPOLEM1.BVH, 401, 45, 4/7/2013
SEXMOVES, HARDPOLEM2.BVH, 401, 45, 4/7/2013
SEXMOVES, HARDRIDEM1.BVH, 401, 40, 4/7/2013
SEXMOVES, HARDRIDEM2.BVH, 401, 40, 4/7/2013
SEXMOVES, HARDSAWM1.BVH, 401, 45, 4/7/2013
SEXMOVES, HARDSAWM2.BVH, 401, 45, 4/7/2013
SEXMOVES, HARDSTROKEM1.BVH, 401, 45, 4/7/2013
SEXMOVES, HARDSTROKEM2.BVH, 401, 45, 4/7/2013
SEXMOVES, HERFEETF.BVH, 120, 13, 4/7/2013
SEXMOVES, HERFEETM.BVH, 200, 10, 4/7/2013
SEXMOVES, HISFEETF.BVH, 200, 10, 4/7/2013
SEXMOVES, HISFEETM.BVH, 120, 13, 4/7/2013
SEXMOVES, HOLDHER.BVH, 301, 30, 4/7/2013
SEXMOVES, HOLDHIM.BVH, 301, 30, 4/7/2013
SEXMOVES, HOUNDF.BVH, 401, 30, 4/7/2013
SEXMOVES, HOUNDM.BVH, 401, 30, 4/7/2013
SEXMOVES, HUGGINGF.BVH, 60, 30, 4/7/2013
SEXMOVES, HUGGINGM.BVH, 60, 30, 4/7/2013
SEXMOVES, IMPACTF.BVH, 401, 20, 4/7/2013
SEXMOVES, IMPACTM.BVH, 401, 20, 4/7/2013
SEXMOVES, INVERTF.BVH, 30, 20, 4/7/2013
SEXMOVES, INVERTM.BVH, 30, 20, 4/7/2013
SEXMOVES, IVYSM1.BVH, 401, 20, 4/7/2013
SEXMOVES, IVYSM2.BVH, 401, 30, 4/7/2013
SEXMOVES, JELLYF.BVH, 401, 30, 4/7/2013
SEXMOVES, JELLYM.BVH, 401, 30, 4/7/2013
SEXMOVES, JOCKEYF.BVH, 401, 30, 4/7/2013
SEXMOVES, JOCKEYM.BVH, 401, 30, 4/7/2013
SEXMOVES, JUMPF.BVH, 401, 30, 4/7/2013
SEXMOVES, JUMPM.BVH, 401, 30, 4/7/2013
SEXMOVES, KBENDF.BVH, 401, 30, 4/7/2013
SEXMOVES, KBENDM.BVH, 401, 30, 4/7/2013
SEXMOVES, KNEEHUGM.BVH, 401, 30, 4/7/2013
SEXMOVES, KNEEL69F.BVH, 30, 20, 4/7/2013
SEXMOVES, KNEEL69M.BVH, 30, 20, 4/7/2013
SEXMOVES, KNEELHARDM1.BVH, 401, 45, 4/7/2013
SEXMOVES, KNEELHARDM2.BVH, 401, 45, 4/7/2013
SEXMOVES, LAPKISSF.BVH, 301, 30, 4/7/2013
SEXMOVES, LAPKISSM.BVH, 301, 30, 4/7/2013
SEXMOVES, LAPLAYF.BVH, 301, 30, 4/7/2013
SEXMOVES, LAPLAYM.BVH, 301, 30, 4/7/2013
SEXMOVES, LAY 1.BVH, 150, 25, 4/7/2013
SEXMOVES, LAYBACK 1.BVH, 150, 25, 4/7/2013
SEXMOVES, LAYBELLY.BVH, 30, 10, 4/7/2013
SEXMOVES, LAYBELLYM.BVH, 30, 10, 4/7/2013
SEXMOVES, LAYBF.BVH, 401, 30, 4/7/2013
SEXMOVES, LAYC1F.BVH, 200, 10, 4/7/2013
SEXMOVES, LAYC1M.BVH, 100, 20, 4/7/2013
SEXMOVES, LAYKF.BVH, 100, 30, 4/7/2013
SEXMOVES, LAYKM.BVH, 100, 30, 4/7/2013
SEXMOVES, LAYSIDEF.BVH, 500, 30, 4/7/2013
SEXMOVES, LAYSIDEF2.BVH, 500, 30, 4/7/2013
SEXMOVES, LAYSIDEM.BVH, 500, 30, 4/7/2013
SEXMOVES, LAYTOPF.BVH, 301, 20, 4/7/2013
SEXMOVES, LAYTOPM.BVH, 301, 20, 4/7/2013
SEXMOVES, LAY_CHEST__DOWNTM1.BVH, 401, 20, 4/7/2013
SEXMOVES, LAY_CHEST__DOWNTM2.BVH, 601, 20, 4/7/2013
SEXMOVES, LAY_CHEST__UPM1.BVH, 100, 10, 4/7/2013
SEXMOVES, LEGM.BVH, 301, 15, 4/7/2013
SEXMOVES, LEGMRL.BVH, 160, 13, 4/7/2013
SEXMOVES, LEVERAGEM1.BVH, 401, 30, 4/7/2013
SEXMOVES, LEVERAGEM2.BVH, 401, 30, 4/7/2013
SEXMOVES, LICKBM.BVH, 30, 30, 4/7/2013
SEXMOVES, LOCKEDF.BVH, 120, 20, 4/7/2013
SEXMOVES, LOCKEDM.BVH, 40, 20, 4/7/2013
SEXMOVES, LOLIM1.BVH, 90, 20, 4/7/2013
SEXMOVES, LOLIM2.BVH, 30, 20, 4/7/2013
SEXMOVES, LUBEM1.BVH, 190, 20, 4/7/2013
SEXMOVES, LUBEM2.BVH, 30, 20, 4/7/2013
SEXMOVES, LUNGESF.BVH, 401, 18, 4/7/2013
SEXMOVES, LUNGESM.BVH, 401, 18, 4/7/2013
SEXMOVES, MACHINEF1.BVH, 401, 30, 4/7/2013
SEXMOVES, MALE69M1.BVH, 30, 20, 4/7/2013
SEXMOVES, MALE69M2.BVH, 30, 20, 4/7/2013
SEXMOVES, MALEMASTURBATION.BVH, 30, 30, 4/7/2013
SEXMOVES, MANPUMPF.BVH, 401, 45, 4/7/2013
SEXMOVES, MANPUMPM.BVH, 401, 45, 4/7/2013
SEXMOVES, MARRYF.BVH, 100, 10, 4/7/2013
SEXMOVES, MARRYM.BVH, 301, 30, 4/7/2013
SEXMOVES, MBACK.BVH, 601, 20, 4/7/2013
SEXMOVES, MCHEST.BVH, 401, 30, 4/7/2013
SEXMOVES, MHANDS.BVH, 90, 14, 4/7/2013
SEXMOVES, MIRRORF.BVH, 401, 20, 4/7/2013
SEXMOVES, MIRRORM.BVH, 200, 15, 4/7/2013
SEXMOVES, MIRRORP F.BVH, 401, 30, 4/7/2013
SEXMOVES, MIRRORP M.BVH, 401, 30, 4/7/2013
SEXMOVES, MISSF.BVH, 401, 20, 4/7/2013
SEXMOVES, MISSM.BVH, 401, 20, 4/7/2013
SEXMOVES, MSHOULDERS.BVH, 520, 20, 4/7/2013
SEXMOVES, OLDF.BVH, 40, 20, 4/7/2013
SEXMOVES, OLDM.BVH, 40, 20, 4/7/2013
SEXMOVES, OYSTERF.BVH, 401, 25, 4/7/2013
SEXMOVES, OYSTERM.BVH, 401, 25, 4/7/2013
SEXMOVES, PASSIONF.BVH, 301, 30, 4/7/2013
SEXMOVES, PASSIONM.BVH, 301, 30, 4/7/2013
SEXMOVES, PEARLF.BVH, 401, 30, 4/7/2013
SEXMOVES, PEARLM.BVH, 401, 30, 4/7/2013
SEXMOVES, PEEPSHOWF.BVH, 30, 20, 4/7/2013
SEXMOVES, PEEPSHOWM.BVH, 90, 20, 4/7/2013
SEXMOVES, PGF.BVH, 401, 30, 4/7/2013
SEXMOVES, PGM.BVH, 401, 30, 4/7/2013
SEXMOVES, PHANTOMF.BVH, 2, 30, 4/7/2013
SEXMOVES, PHANTOMM.BVH, 301, 30, 4/7/2013
SEXMOVES, PHEARTHF.BVH, 60, 30, 4/7/2013
SEXMOVES, PHEARTHM.BVH, 60, 30, 4/7/2013
SEXMOVES, PLUGM1.BVH, 401, 30, 4/7/2013
SEXMOVES, PLUGM2.BVH, 401, 30, 4/7/2013
SEXMOVES, PLUMBERF.BVH, 416, 18, 4/7/2013
SEXMOVES, PLUMBERM.BVH, 416, 18, 4/7/2013
SEXMOVES, POSEMASSASGE.BVH, 30, 30, 4/7/2013
SEXMOVES, PREYBF.BVH, 90, 20, 4/7/2013
SEXMOVES, READF.BVH, 301, 30, 4/7/2013
SEXMOVES, READM.BVH, 301, 30, 4/7/2013
SEXMOVES, REARF.BVH, 401, 30, 4/7/2013
SEXMOVES, REARM.BVH, 401, 30, 4/7/2013
SEXMOVES, RIDEF.BVH, 401, 30, 4/7/2013
SEXMOVES, RIDEM.BVH, 40, 30, 4/7/2013
SEXMOVES, RODEOF.BVH, 401, 20, 4/7/2013
SEXMOVES, RODEOM.BVH, 401, 30, 4/7/2013
SEXMOVES, ROUGH69F.BVH, 30, 40, 4/7/2013
SEXMOVES, ROUGH69M.BVH, 30, 40, 4/7/2013
SEXMOVES, ROUGHBJF.BVH, 120, 40, 4/7/2013
SEXMOVES, ROUGHBJM.BVH, 120, 45, 4/7/2013
SEXMOVES, ROUGHLICKF.BVH, 150, 40, 4/7/2013
SEXMOVES, ROUGHLICKM.BVH, 40, 40, 4/7/2013
SEXMOVES, RUBBINGM1.BVH, 30, 14, 4/7/2013
SEXMOVES, RUBBINGM2.BVH, 30, 14, 4/7/2013
SEXMOVES, RUBLEGF.BVH, 301, 20, 4/7/2013
SEXMOVES, RUBLEGM.BVH, 301, 20, 4/7/2013
SEXMOVES, SB1.BVH, 120, 20, 4/7/2013
SEXMOVES, SB2.BVH, 120, 20, 4/7/2013
SEXMOVES, SCARFF.BVH, 240, 20, 4/7/2013
SEXMOVES, SCARFM.BVH, 40, 20, 4/7/2013
SEXMOVES, SCREWF.BVH, 401, 30, 4/7/2013
SEXMOVES, SCREWM.BVH, 401, 30, 4/7/2013
SEXMOVES, SEEF.BVH, 401, 20, 4/7/2013
SEXMOVES, SEEM.BVH, 401, 20, 4/7/2013
SEXMOVES, SEXPISTOLM1.BVH, 401, 30, 4/7/2013
SEXMOVES, SEXPISTOLM2.BVH, 401, 30, 4/7/2013
SEXMOVES, SIDE69F.BVH, 30, 20, 4/7/2013
SEXMOVES, SIDE69M.BVH, 30, 20, 4/7/2013
SEXMOVES, SIDECARF.BVH, 401, 30, 4/7/2013
SEXMOVES, SIDECARM.BVH, 401, 30, 4/7/2013
SEXMOVES, SIDEJOBF.BVH, 401, 30, 4/7/2013
SEXMOVES, SIDEJOBM.BVH, 401, 30, 4/7/2013
SEXMOVES, SIDEKISSF.BVH, 301, 30, 4/7/2013
SEXMOVES, SIDEKISSM.BVH, 301, 30, 4/7/2013
SEXMOVES, SIDERUBM1.BVH, 30, 10, 4/7/2013
SEXMOVES, SIDERUBM2.BVH, 30, 10, 4/7/2013
SEXMOVES, SIDESLIDEM1.BVH, 40, 30, 4/7/2013
SEXMOVES, SIDESLIDEM2.BVH, 160, 30, 4/7/2013
SEXMOVES, SITHUG.BVH, 30, 10, 4/7/2013
SEXMOVES, SITHUGF.BVH, 30, 10, 4/7/2013
SEXMOVES, SITTINGF.BVH, 30, 20, 4/7/2013
SEXMOVES, SITTINGM.BVH, 30, 20, 4/7/2013
SEXMOVES, SIT_FOR_LEFT HAND MASSAGE.BVH, 301, 14, 4/7/2013
SEXMOVES, SIT_FOR_RIGHT HAND MASSAGE.BVH, 301, 15, 4/7/2013
SEXMOVES, SKYF.BVH, 40, 20, 4/7/2013
SEXMOVES, SKYM.BVH, 40, 20, 4/7/2013
SEXMOVES, SLIDEF.BVH, 301, 30, 4/7/2013
SEXMOVES, SLIDEM.BVH, 301, 30, 4/7/2013
SEXMOVES, SNOREF.BVH, 100, 7, 4/7/2013
SEXMOVES, SNOREM.BVH, 100, 7, 4/7/2013
SEXMOVES, SOCKETM1.BVH, 30, 10, 4/7/2013
SEXMOVES, SOCKETM2.BVH, 90, 10, 4/7/2013
SEXMOVES, SOLOWAIT.BVH, 200, 15, 4/7/2013
SEXMOVES, SPANKF.BVH, 60, 30, 4/7/2013
SEXMOVES, SPANKM.BVH, 60, 30, 4/7/2013
SEXMOVES, SPENDTIMEF.BVH, 401, 30, 4/7/2013
SEXMOVES, SPENDTIMEM.BVH, 401, 30, 4/7/2013
SEXMOVES, SPOONF.BVH, 401, 20, 4/7/2013
SEXMOVES, SPOONM.BVH, 401, 20, 4/7/2013
SEXMOVES, SPREADF.BVH, 150, 20, 4/7/2013
SEXMOVES, SPREADM.BVH, 301, 20, 4/7/2013
SEXMOVES, STAND69F.BVH, 30, 20, 4/7/2013
SEXMOVES, STAND69M.BVH, 30, 20, 4/7/2013
SEXMOVES, STANDINGKISSF.BVH, 301, 30, 4/7/2013
SEXMOVES, STANDINGKISSM.BVH, 301, 15, 4/7/2013
SEXMOVES, STANDOGF.BVH, 401, 30, 4/7/2013
SEXMOVES, STANDOGM.BVH, 401, 30, 4/7/2013
SEXMOVES, STICKF.BVH, 401, 30, 4/7/2013
SEXMOVES, STICKM.BVH, 401, 30, 4/7/2013
SEXMOVES, SUB.BVH, 90, 10, 4/7/2013
SEXMOVES, SUCKBOTHM1.BVH, 260, 20, 4/7/2013
SEXMOVES, SURRENDERM1.BVH, 30, 30, 4/7/2013
SEXMOVES, SURRENDERM2.BVH, 30, 30, 4/7/2013
SEXMOVES, TALKF.BVH, 401, 30, 4/7/2013
SEXMOVES, TALKM.BVH, 401, 30, 4/7/2013
SEXMOVES, TEDDYF.BVH, 140, 30, 4/7/2013
SEXMOVES, THERAPYF.BVH, 210, 20, 4/7/2013
SEXMOVES, THERAPYM.BVH, 150, 20, 4/7/2013
SEXMOVES, TIEDB2M.BVH, 401, 30, 4/7/2013
SEXMOVES, TIEDBF.BVH, 401, 30, 4/7/2013
SEXMOVES, TIEDBM.BVH, 401, 30, 4/7/2013
SEXMOVES, TURTLEF.BVH, 401, 30, 4/7/2013
SEXMOVES, TURTLEM.BVH, 401, 30, 4/7/2013
SEXMOVES, UNDERDOGF.BVH, 401, 30, 4/7/2013
SEXMOVES, UNDERDOGM.BVH, 401, 30, 4/7/2013
SEXMOVES, UNDERF.BVH, 120, 20, 4/7/2013
SEXMOVES, UNDERM.BVH, 40, 20, 4/7/2013
SEXMOVES, VICTORYF.BVH, 401, 30, 4/7/2013
SEXMOVES, VICTORYM.BVH, 401, 30, 4/7/2013
SEXMOVES, WALLBF.BVH, 30, 30, 4/7/2013
SEXMOVES, WALLBM.BVH, 90, 30, 4/7/2013
SEXMOVES, WANKM1.BVH, 30, 25, 4/7/2013
SEXMOVES, WANKM2.BVH, 30, 30, 4/7/2013
SEXMOVES, WHIPER.BVH, 120, 30, 4/7/2013
SEXMOVES, WHIPPED.BVH, 120, 30, 4/7/2013
SEXMOVES, WHIPPEDFRONT.BVH, 120, 30, 4/7/2013
SEXMOVES, ZINEMASTURBATION.BVH, 30, 30, 4/7/2013
